,Rank,Name,Revenue($m),Profit($m),Assets($m),Market_Value($m),Employees,URL
0,1,Walmart,523964,14881,236495,321803.3,2200000,http://www.walmart.com
1,2,Amazon.com,280522,11588,225248,970680.1,798000,http://www.amazon.com
2,3,Exxon Mobil,264938,14340,362597,160696.3,74900,http://www.exxonmobil.com
3,4,Apple,260174,55256,338516,1112640.8,137000,http://www.apple.com
4,5,CVS Health,256776,6634,222449,77375.8,290000,http://www.cvshealth.com
5,6,Berkshire Hathaway,254616,81417,817729,442897.1,391500,http://www.berkshirehathaway.com
6,7,UnitedHealth Group,242155,13839,173889,236555.2,325000,http://www.unitedhealthgroup.com
7,8,McKesson,214319,34,59672,21845,70000,http://www.mckesson.com
8,9,AT&T,181193,13903,551669,209387.5,247800,http://www.att.com
9,10,AmerisourceBergen,179589.1,855.4,39172,18221.4,21500,http://www.amerisourcebergen.com
10,11,Alphabet,161857,34343,275909,798905.3,118899,http://www.google.com
11,12,Ford Motor,155900,47,258537,19150.6,190000,http://www.ford.com
12,13,Cigna,153566,5104,155774,65896.7,73700,http://www.cigna.com
13,14,Costco Wholesale,152703,3659,45400,125907.7,201500,http://www.costco.com
14,15,Chevron,146516,2924,237428,136175.9,48200,http://www.chevron.com
15,16,Cardinal Health,145534,1363,40963,13988.1,49500,http://www.cardinal.com
16,17,JPMorgan Chase,142422,36431,2687379,276750.1,256981,http://www.jpmorganchase.com
17,18,General Motors,137237,6732,228037,29694.7,164000,http://www.gm.com
18,19,Walgreens Boots Alliance,136866,3982,67598,40528.2,287000,http://www.walgreensbootsalliance.com
19,20,Verizon Communications,131868,19265,291727,222220,135000,http://www.verizon.com
20,21,Microsoft,125843,39240,286556,1199549.7,144000,http://www.microsoft.com
21,22,Marathon Petroleum,124813,2637,98556,15353,60910,http://www.marathonpetroleum.com
22,23,Kroger,122286,1659,45256,24113.7,435000,http://www.thekrogerco.com
23,24,Fannie Mae,120304,14160,3503319,1841.4,7500,http://www.fanniemae.com
24,25,Bank of America,113589,27430,2434079,185226.9,208131,http://www.ball.com
25,26,Home Depot,110225,11242,51236,200665,415700,http://www.homedepot.com
26,27,Phillips 66,109559,3076,58720,23490,14500,http://www.phillips66.com
27,28,Comcast,108942,13057,263414,156533.3,190000,http://www.comcastcorporation.com
28,29,Anthem,104213,4807,77453,57245.2,70600,http://www.antheminc.com
29,30,Wells Fargo,103915,19549,1927555,117365.7,259800,http://www.wellsfargo.com
30,31,Citigroup,103449,19401,1951158,88376.5,200000,http://www.citigroup.com
31,32,Valero Energy,102729,2422,53864,18531.6,10222,http://www.valero.com
32,33,General Electric,95214,-4979,266048,69406.1,205000,http://www.ge.com
33,34,Dell Technologies,92154,4616,118861,29246.2,165000,http://www.delekus.com
34,35,Johnson & Johnson,82059,15119,157728,345704.9,132200,http://www.jnj.com
35,36,State Farm Insurance,79395.3,5592.7,294823.2,-,57672,http://www.starwoodhotels.com
36,37,Target,78112,3281,42779,46574.4,368000,http://www.target.com
37,38,IBM,77147,9431,152186,98551.1,383800,http://www.ibm.com
38,39,Raytheon Technologies,77046,5537,139716,81705.3,243200,http://www.raytheon.com
39,40,Boeing,76559,-636,133625,84148.6,161100,http://www.boeing.com
40,41,Freddie Mac,75125,7214,2203623,908.7,6892,http://www.freddiemac.com
41,42,Centene,74639,1321,40994,34862.4,56600,http://www.centene.com
42,43,United Parcel Service,74094,4440,57857,80196.1,377640,http://www.unfi.com
43,44,Lowe's,72148,4281,39471,64963.3,260000,http://www.lowes.com
44,45,Intel,71965,21048,136524,231661.9,110800,http://www.intel.com
45,46,Facebook,70697,18485,133376,475455.2,44942,http://www.facebook.com
46,47,FedEx,69693,540,54403,31679.1,389500,http://www.fedex.com
47,48,MetLife,69620,5899,740463,27996.9,49000,http://www.metlife.com
48,49,Walt Disney,69570,11054,193984,174405.4,223000,http://www.disney.com
49,50,Procter & Gamble,67684,3897,115095,271639.8,97000,http://www.pg.com
50,51,PepsiCo,67161,7314,78547,166847.8,267000,http://www.pepsico.com
51,52,Humana,64888,2707,29074,41489.5,46000,http://www.humana.com
52,53,Prudential Financial,64807,4186,896552,20649.7,51511,http://www.prudential.com
53,54,Archer Daniels Midland,64656,1379,43997,19602.6,38100,http://www.adm.com
54,55,Albertsons,60534.5,131.1,20776.6,-,267000,#N/A
55,56,Sysco,60113.9,1674.3,17966.5,23203.2,69000,http://www.sysco.com
56,57,Lockheed Martin,59812,6230,47528,95539.3,110000,http://www.lockheedmartin.com
57,58,HP,58756,3152,33467,24820.7,56000,http://www.hp.com
58,59,Energy Transfer,54213,3592,98880,12373.5,12812,http://www.energyfutureholdings.com
59,60,Goldman Sachs Group,53922,8466,992968,55416.7,38300,http://www.gs.com
60,61,Morgan Stanley,53823,9042,895429,52101.5,60431,http://www.morganstanley.com
61,62,Caterpillar,53800,6093,78453,63831.6,102300,http://www.caterpillar.com
62,63,Cisco Systems,51904,11621,97793,166709,75900,http://www.cisco.com
63,64,Pfizer,51750,16273,167489,181074.9,88300,http://www.pfizer.com
64,65,HCA Healthcare,51336,3505,45058,30411.4,245000,http://www.hawaiianairlines.com
65,66,AIG,49746,3348,525064,20886.3,46000,#N/A
66,67,American Express,47020,6759,198321,68982.7,64500,#N/A
67,68,Delta Air Lines,47007,4767,64532,18261.9,91224,http://www.delta.com
68,69,Merck,46840,9843,84397,195140.5,71000,http://www.merck.com
69,70,American Airlines Group,45768,1686,59995,5193.7,133700,#N/A
70,71,Charter Communications,45764,1668,148188,111924,95100,http://www.charter.com
71,72,Allstate,44675,4847,119950,29070.5,46035,#N/A
72,73,New York Life Insurance,44116.6,1003.8,330806.3,-,11519,http://www.newyorklife.com
73,74,Nationwide,43982,829.7,239539.6,-,28114,http://www.nationwide.com
74,75,Best Buy,43638,1541,15591,14647.4,125000,http://www.bestbuy.com
75,76,United Airlines Holdings,43259,3009,52611,7822.9,96000,http://www.unisys.com
76,77,Liberty Mutual Insurance Group,43228,1044,133644,-,45000,http://www.libertymutual.com
77,78,Dow,42951,-1359,60524,21716,36500,http://www.dovercorporation.com
78,79,Tyson Foods,42405,2022,33097,21124.8,141000,http://www.tysonfoods.com
79,80,TJX,41717,3272.2,24145,57262,286000,http://www.tjx.com
80,81,TIAA,40454.4,2460.1,615042.3,-,16533,http://www.thrivent.com
81,82,Oracle,39506,11083,108709,152412.7,136000,http://www.oracle.com
82,83,General Dynamics,39350,3484,48841,38398.1,102900,http://www.generaldynamics.com
83,84,Deere,39258,3253,73011,43329.7,73489,http://www.johndeere.com
84,85,Nike,39117,4029,23717,128857,76700,http://www.nike.com
85,86,Progressive,39022.3,3970.3,54895.3,43218.4,41571,http://www.progressive.com
86,87,Publix Super Markets,38462.8,3005.4,24507.1,-,207000,http://www.publix.com
87,88,Coca-Cola,37266,8920,86381,189983,86200,http://www.coca-colacompany.com
88,89,Massachusetts Mutual Life Insurance,37253.4,3700.7,290730.7,-,9896,http://www.massmutual.com
89,90,Tech Data,36998.4,374.5,13268.6,4645,15000,http://www.techdata.com
90,91,World Fuel Services,36819,178.9,5992.4,1646.9,5500,http://www.wfscorp.com
91,92,Honeywell International,36709,6143,58679,94627.9,113000,http://www.honeywell.com
92,93,ConocoPhillips,36670,7189,70514,33167.3,10400,http://www.conocophillips.com
93,94,USAA,35617.4,4006.3,173732.6,-,35076,http://www.usaa.com
94,95,Exelon,34438,2936,124977,35850.4,32713,http://www.exeloncorp.com
95,96,Northrop Grumman,33841,2248,41089,50718.6,90000,http://www.northropgrumman.com
96,97,Capital One Financial,33766,5546,390365,23063.2,51900,http://www.capitalone.com
97,98,Plains GP Holdings,33669,331,29969,1021.8,5000,http://www.plainsallamerican.com
98,99,AbbVie,33266,7882,89115,112507.7,30000,#N/A
99,100,INTL FCStone,32897,85.1,9936.1,699.9,2012,http://www.intlfcstone.com
100,101,Enterprise Products Partners,32789.2,4591.3,61733.2,31305.9,7300,http://www.enterpriseproducts.com
101,102,Northwestern Mutual,32293.6,1268,290318,-,5964,http://www.northwesternmutual.com
102,103,3M,32136,4570,44659,78528.8,96163,#N/A
103,104,Abbott Laboratories,31904,3687,67887,139152.5,107000,#N/A
104,105,CHS,31900.5,829.9,16447.5,-,10703,http://www.chsinc.com
105,106,Travelers,31581,2622,110122,25337.3,30800,http://www.ta-petrol.com
106,107,Philip Morris International,29805,7185,42875,113606.4,73500,http://www.pmi.com
107,108,Raytheon,29176,3343,34566,36517.5,70000,http://www.raytheon.com
108,109,Hewlett Packard Enterprise,29135,1049,51803,12509.8,61600,http://www.hess.com
109,110,Arrow Electronics,28916.8,-204.1,16400.8,4182.9,19300,#N/A
110,111,ViacomCBS,27812,3308,49519,8798.2,26280,http://www.viacom.com
111,112,Dollar General,27754,1712.6,22825.1,38045.7,143000,http://www.dollargeneral.com
112,113,U.S. Bancorp,27325,6914,495426,52407.5,69651,http://www.usbank.com
113,114,Starbucks,26508.6,3599.2,19219.6,77178.6,346000,http://www.starbucks.com
114,115,Bristol-Myers Squibb,26145,3439,129944,126109.7,30000,http://www.bms.com
115,116,US Foods Holding,25939,385,11288,3898.4,28000,http://www.usfoods.com
116,117,Mondelez International,25868,3870,64549,71761.8,80000,http://www.mondelezinternational.com
117,118,Paccar,25599.7,2387.9,28361.1,21174.9,27000,http://www.paccar.com
118,119,Thermo Fisher Scientific,25542,3696,58381,113107.7,75000,http://www.thermofisher.com
119,120,Macy's,25331,564,21172,1520.4,123000,http://www.macysinc.com
120,121,Jabil,25282.3,287.1,12970.5,3738.4,200000,http://www.jmsmucker.com
121,122,Kraft Heinz,24977,1935,101450,30226.3,37000,http://www.kraftfoodsgroup.com
122,123,Duke Energy,24658,3748,158838,59368.2,28793,http://www.duke-energy.com
123,124,Tesla,24578,-862,34309,96473.4,48016,http://www.terex.com
124,125,PBF Energy,24508.2,319.4,9132.4,848.1,3442,http://www.pbfenergy.com
125,126,Qualcomm,24273,4386,32957,77326.8,37000,http://www.qualcomm.com
126,127,NGL Energy Partners,24087.8,360,5902.5,333.7,1300,http://www.nglenergypartners.com
127,128,CBRE Group,23894.1,1282.4,16197.2,12625,100000,http://www.cbre.com
128,129,Baker Hughes,23838,128,53369,10827.3,68000,#N/A
129,130,Synnex,23757.3,500.7,11698,3718.9,240900,http://www.synnex.com
130,131,Dollar Tree,23610.8,827,19574.6,17398.5,125000,http://www.dollartree.com
131,132,Cummins,23571,2260,19737,20043.9,61615,http://www.cummins.com
132,133,United Natural Foods,23481.1,-285,7181,492.2,19000,http://www.unfi.com
133,134,Micron Technology,23406,6313,48887,46778.5,37000,http://www.micron.com
134,135,Amgen,23362,7842,59707,119571.5,23400,#N/A
135,136,Penske Automotive Group,23179.4,435.8,13942.7,2264.9,26980,http://www.penskeautomotive.com
136,137,Visa,22977,12080,72574,316199.1,19500,http://www.visa.com
137,138,Broadcom,22597,2724,67493,94790.5,19000,http://www.broadcom.com
138,139,Nucor,22588.9,1271.1,18344.7,10846.8,26800,http://www.nucor.com
139,140,Gilead Sciences,22449,5386,61627,94124,11800,http://www.gilead.com
140,141,Southwest Airlines,22428,2300,25895,18420.9,60767,http://www.southwest.com
141,142,Halliburton,22408,-1131,25377,6027.4,55000,http://www.halliburton.com
142,143,CenturyLink,22401,-5269,64742,10307.1,42500,http://www.centurylink.com
143,144,International Paper,22376,1225,33471,12206.8,51000,http://www.internationalpaper.com
144,145,Eli Lilly,22319.5,8318.4,39286.1,132760.4,33625,http://www.lilly.com
145,146,Aflac,22307,3304,152768,24738.8,11729,#N/A
146,147,Lennar,22259.6,1849.1,29359.5,11590.8,10106,http://www.lennar.com
147,148,Occidental Petroleum,21971,-667,109330,10366.7,14400,http://www.oxy.com
148,149,Union Pacific,21708,5919,61673,97354.5,37483,http://www.up.com
149,150,Rite Aid,21674.4,-422.2,7591.4,822.3,42645,http://www.riteaid.com
150,151,PNC Financial Services Group,21624,5369,410295,41037.7,50968,http://www.pnc.com
151,152,DuPont,21512,498,69396,25213.1,35000,http://www.dupont.com
152,153,Southern,21419,4739,118700,57075.9,27943,http://www.southerncompany.com
153,154,AutoNation,21335.7,450,10543.3,2510.7,25000,#N/A
154,155,DXC Technology,21184,1257,29574,3311.1,130000,http://www.dupont.com
155,156,McDonald's,21076.5,6025.4,47510.8,123259.6,205000,http://www.aboutmcdonalds.com
156,157,Marriott International,20972,1273,25051,24254.5,174000,http://www.marriott.com
157,158,ManpowerGroup,20863.5,465.7,9223.8,3109.4,28000,http://www.manpowergroup.com
158,159,Bank of New York Mellon,20822,4441,381508,29808.5,48400,#N/A
159,160,Hartford Financial Services Group,20740,2085,70817,12624.8,19500,http://www.thehartford.com
160,161,Danaher,20521.2,3008.2,62081.6,96457.3,60000,http://www.danaher.com
161,162,Whirlpool,20419,1184,18881,5377.8,77000,http://www.whirlpoolcorp.com
162,163,AECOM,20173.3,-261.1,14461.6,4734.9,86000,#N/A
163,164,Netflix,20156.4,1866.9,33975.7,164771.9,8600,http://www.netflix.com
164,165,Kohl's,19974,691,14555,2265,79500,http://www.kohlscorporation.com
165,166,Lear,19810.3,753.6,12680.7,4913.4,164100,http://www.lear.com
166,167,Altria Group,19796,-1293,49271,71863,7300,#N/A
167,168,Performance Food Group,19743.5,166.8,4653.5,2896.7,18000,http://www.pepsico.com
168,169,Avnet,19518.6,176.3,8564.6,2505.9,15500,#N/A
169,170,Synchrony Financial,19461,3747,104826,9870.8,16500,http://www.symetra.com
170,171,Genuine Parts,19392.3,621.1,14645.6,9788.5,55000,http://www.genpt.com
171,172,NextEra Energy,19204,3769,117691,117655,14800,http://www.nexteraenergy.com
172,173,CarMax,19146,842.4,18717.9,8795,25946,http://www.carmax.com
173,174,Tenet Healthcare,18479,-232,23351,1501.8,101104,http://www.tenethealth.com
174,175,Kimberly-Clark,18450,2157,15283,43662.5,40000,http://www.kimberly-clark.com
175,176,Emerson Electric,18372,2306,20497,29154.2,88000,http://www.emerson.com
176,177,WestRock,18289,862.9,30156.7,7304,51100,http://www.westrock.com
177,178,CDW,18032.4,736.8,7999.4,13316.3,9900,http://www.cdw.com
178,179,Jones Lang LaSalle,17983.2,535.3,13672.6,5207.1,93400,http://www.jll.com
179,180,Sherwin-Williams,17900.8,1541.3,20496.2,42185.8,61111,http://www.sherwin.com
180,181,Fluor,17817.2,-1305,7883.7,968.6,53349,http://www.fluor.com
181,182,PayPal Holdings,17772,2459,51333,112298.8,23200,http://www.paychex.com
182,183,D.R. Horton,17592.9,1618.5,15606.6,12456.4,8916,http://www.drhorton.com
183,184,HollyFrontier,17486.6,772.4,12164.8,3967.8,4074,http://www.hollyfrontier.com
184,185,Tenneco,17450,-334,13226,292.3,78000,http://www.tenneco.com
185,186,EOG Resources,17380,2734.9,37124.6,20907.4,2900,http://www.eogresources.com
186,187,Becton Dickinson,17290,1233,51765,62307.5,70093,#N/A
187,188,Lincoln National,17258,886,334761,5142.2,11357,http://www.lfg.com
188,189,PG&E,17129,-7656,85196,4762.8,23000,http://www.pfizer.com
189,190,salesforce.com,17098,126,55126,128862.1,49000,http://www.salesforce.com
190,191,Mastercard,16883,8118,29236,242794.1,18600,http://www.mastercard.com
191,192,General Mills,16865.2,1752.7,30111.2,31986,40000,http://www.generalmills.com
192,193,Molina Healthcare,16829,737,6787,8500.8,10000,http://www.molinahealthcare.com
193,194,Cognizant Technology Solutions,16783,1842,16204,25495.2,292500,http://www.cognizant.com
194,195,Marsh & McLennan,16652,1742,31357,43567,76000,http://www.mmc.com
195,196,XPO Logistics,16648,419,14128,4502.4,100000,http://www.xpo.com
196,197,Dominion Energy,16572,1358,103823,60514.9,19100,http://www.dollartree.com
197,198,Western Digital,16569,-754,26370,12441.5,61800,http://www.westerndigital.com
198,199,Gap,16383,351,13679,2614,129000,http://www.gapinc.com
199,200,Aramark,16227.3,448.5,13736.3,5037.8,233400,#N/A
200,201,Principal Financial,16222.1,1394.2,276087.8,8608.7,17601,http://www.principal.com
201,202,Ross Stores,16039.1,1660.9,9348.4,30952.3,92500,http://www.rossstores.com
202,203,Colgate-Palmolive,15693,2367,15034,56900.2,34300,http://www.colgatepalmolive.com
203,204,American Electric Power,15561.4,1921.1,75892.3,39576.7,17408,#N/A
204,205,Nordstrom,15524,496,9737,2398.4,75000,http://www.nordstrom.com
205,206,Jacobs Engineering Group,15463.6,848,11462.7,10546.9,50000,http://www.jacobs.com
206,207,Waste Management,15455,1670,27743,39210.9,44900,http://www.wm.com
207,208,C.H. Robinson Worldwide,15309.5,577,4641.1,8694.7,15427,#N/A
208,209,PPG Industries,15146,1243,17708,19722.1,47600,http://www.ppg.com
209,210,Booking Holdings,15066,4865,21402,55241.3,26400,#N/A
210,211,Omnicom Group,14953.7,1339.1,26783.4,11906,70000,http://www.omnicomgroup.com
211,212,Loews,14931,932,82243,10023,18605,http://www.loews.com
212,213,Ecolab,14906.3,1558.9,20869.1,45060.8,50200,http://www.ecolab.com
213,214,Stryker,14884,2083,30167,62405.1,40000,http://www.stryker.com
214,215,Est√©e Lauder,14863,1785,13156,57289.1,48000,http://www.essendant.com
215,216,Goodyear Tire & Rubber,14745,-311,17185,1354.2,63000,http://www.goodyear.com
216,217,Truist Financial,14664,3224,473078,41479.8,59000,http://www.trueblue.com
217,218,Applied Materials,14608,2706,19024,42076.7,22000,#N/A
218,219,BlackRock,14539,4476,168622,68119.5,16200,#N/A
219,220,Stanley Black & Decker,14442.2,955.8,20596.6,15402.5,59438,http://www.stanleyblackanddecker.com
220,221,Freeport-McMoRan,14402,-239,40809,9794.1,27500,http://www.fcx.com
221,222,Texas Instruments,14383,5017,18018,93303.2,29768,http://www.ti.com
222,223,Biogen,14377.9,5888.5,27234.3,55070.4,7400,#N/A
223,224,Parker-Hannifin,14320.3,1512.4,17576.7,16652.5,55610,http://www.parker.com
224,225,Reinsurance Group of America,14300,870,76731,5186,3188,http://www.rgare.com
225,226,Howmet Aerospace,14192,470,17578,7000.9,41700,http://www.khov.com
226,227,Automatic Data Processing,14175.2,2292.8,41887.7,59012.2,58000,#N/A
227,228,Uber Technologies,14147,-8506,31761,48226.1,26900,http://www.usbank.com
228,229,Illinois Tool Works,14109,2521,15068,45125.6,45000,http://www.itw.com
229,230,DaVita,14101.5,811,17311.4,9553.1,65000,http://www.darlingii.com
230,231,Discover Financial Services,13989,2957,113996,10923.5,17200,http://www.discoverfinancial.com
231,232,Land O'Lakes,13887.7,205.9,8899.3,-,8000,http://www.landolakesinc.com
232,233,VF,13870.6,1259.8,10356.8,21346.5,75000,http://www.vfc.com
233,234,Corteva,13846,-959,42397,17608.2,21000,http://www.corning.com
234,235,Las Vegas Sands,13739,2698,23199,32433.7,50000,http://www.sands.com
235,236,Textron,13630,815,15018,6071.3,35000,http://www.textron.com
236,237,Kellogg,13578,960,17564,20546.5,31000,http://www.kelloggcompany.com
237,238,Guardian Life Ins. Co. of America,13476.7,679.8,79387.7,-,9032,http://www.guardianlife.com
238,239,Qurate Retail,13458,-456,17305,2539.6,25314,http://www.quintiles.com
239,240,Core-Mark Holding,13329.2,57.7,1898.4,1294.8,8555,http://www.core-mark.com
240,241,Community Health Systems,13210,-675,15609,393.6,71500,#N/A
241,242,Kinder Morgan,13209,2190,74157,31529.7,11086,http://www.kindermorgan.com
242,243,BJ's Wholesale Club,13190.7,187.2,5269.8,3496.2,27231,#N/A
243,244,State Street,13131,2242,245610,18875.8,39103,http://www.statefarm.com
244,245,Ameriprise Financial,13103,1893,151828,12601.8,12500,#N/A
245,246,Global Partners,13081.7,35.9,2808.4,299.8,3860,http://www.globalp.com
246,247,United States Steel,12937,-630,11608,1074.3,27500,http://www.ussteel.com
247,248,L Brands,12914.2,-366.4,10125,3196.7,59950,http://www.lb.com
248,249,MGM Resorts International,12899.7,2049.1,33876.4,5813.8,72000,http://www.mgmresorts.com
249,250,L3Harris Technologies,12856,1333,38336,39067.3,50000,http://www.l-3com.com
250,251,DISH Network,12807.7,1399.5,33230.9,10455.8,16000,http://www.dish.com
251,252,Lithia Motors,12672.7,271.5,6083.9,1910,14320,http://www.lithia.com
252,253,DTE Energy,12669,1169,41882,18289.5,10700,http://www.dteenergy.com
253,254,American Family Insurance Group,12633.2,455.9,31123.7,-,13531,#N/A
254,255,Farmers Insurance Exchange,12592.5,55.3,17456.5,-,10980,http://www.farmers.com
255,256,Consolidated Edison,12574,1343,58079,26034.5,14890,#N/A
256,257,LKQ,12506.1,541.3,12780,6310.7,51000,http://www.lkqcorp.com
257,258,Sempra Energy,12443,2197,65665,33037.4,13969,http://www.sempra.com
258,259,Edison International,12347,1284,64382,19867.6,12937,http://www.edisoninvestor.com
259,260,CenterPoint Energy,12301,791,35439,7765.4,14262,#N/A
260,261,Quanta Services,12112.2,402,8331.7,4537.2,40300,http://www.quantaservices.com
261,262,Murphy USA,12101.3,154.8,2687.2,2556.8,7250,http://corporate.murphyusa.com
262,263,Expedia Group,12067,565,21416,7877.2,25400,http://www.expediainc.com
263,264,Group 1 Automotive,12043.8,174,5570.2,813.2,15296,http://www.group1auto.com
264,265,Bed Bath & Beyond,12028.8,-137.2,6570.5,534.5,62000,#N/A
265,266,Unum Group,11998.9,1100.3,67013.4,3046.6,10300,http://www.unum.com
266,267,CSX,11937,3331,38257,44161.7,20908,#N/A
267,268,AutoZone,11863.7,1617.2,9895.9,19756.2,75840,#N/A
268,269,Pacific Life,11847,725,171473,-,3815,http://www.pacificlife.com
269,270,Vistra Energy,11809,928,26616,7795.3,5475,http://www.visteon.com
270,271,Charles Schwab,11785,3704,294005,43278.2,19700,#N/A
271,272,Crown Holdings,11665,510,15505,7875.8,33043,#N/A
272,273,Ally Financial,11618,1715,180644,5402.5,8700,#N/A
273,274,Laboratory Corp. of America,11554.8,823.8,18046.4,12297.7,65000,http://www.labcorp.com
274,275,Live Nation Entertainment,11548,69.9,10975.6,9752.6,18200,http://www.livenation.com
275,276,Xcel Energy,11529,1372,50448,31637.5,11295,http://www.xcelenergy.com
276,277,Corning,11503,960,28898,15664.2,49500,#N/A
277,278,W.W. Grainger,11486,849,6005,13337.8,24550,http://www.grainger.com
278,279,Ball,11474,566,17360,21065.3,18300,#N/A
279,280,Fox,11389,1595,19509,14142.9,7700,http://www.fossilgroup.com
280,281,Universal Health Services,11378.3,814.9,11668.3,8593.2,79050,http://www.uhsinc.com
281,282,Baxter International,11362,1001,18193,41180.1,50000,#N/A
282,283,Norfolk Southern,11296,2722,37923,37537.3,24587,http://www.nscorp.com
283,284,Navistar International,11251,221,6917,1640.6,12300,http://www.navistar.com
284,285,Adobe,11171.3,2951.5,20762.4,153328.3,22634,#N/A
285,286,J.C. Penney,11167,-268,7989,115.6,90000,http://www.jcpenney.com
286,287,Discovery,11144,2069,33735,9503.1,9200,#N/A
287,288,Keurig Dr Pepper,11120,1254,49518,34147.6,25500,http://www.kennametal.com
288,289,Leidos Holdings,11094,667,9367,13000.3,34000,http://www.leidos.com
289,290,IQVIA Holdings,11088,191,23251,20797.2,67000,http://www.intuitivesurgical.com
290,291,Reliance Steel & Aluminum,10973.8,701.5,8131.1,5856.3,15300,http://www.rsac.com
291,292,Nvidia,10918,2796,17315,161451.2,13775,http://www.nvidia.com
292,293,Entergy,10878.7,1241.2,51723.9,18870.6,13635,http://www.entergy.com
293,294,FirstEnergy,10850,912,42301,21666.4,12316,http://www.firstenergycorp.com
294,295,eBay,10800,1786,18174,23930.2,13300,http://www.ebay.com
295,296,Boston Scientific,10735,4700,30565,45655.9,36000,#N/A
296,297,Office Depot,10647,99,7311,867.7,40000,http://www.officedepot.com
297,298,Molson Coors Beverage,10579.4,241.7,28859.8,8441,17700,http://www.molinahealthcare.com
298,299,Steel Dynamics,10465,671.1,8275.8,4793.8,8385,http://www.steeldynamics.com
299,300,Mutual of Omaha Insurance,10455.7,271.5,50173.6,-,6072,http://www.mutualofomaha.com
300,301,Sonic Automotive,10454.3,144.1,4071,567.1,9300,http://www.sonicautomotive.com
301,302,Alcoa,10433,-1125,14631,1145.2,13800,#N/A
302,303,Fidelity National Information Services,10333,298,83806,74969.4,55000,http://www.fisglobal.com
303,304,Henry Schein,10305.3,694.7,7151.1,7244.1,19000,http://www.henryschein.com
304,305,Republic Services,10299.4,1073.3,22683.8,23955.7,36000,http://www.republicservices.com
305,306,Liberty Media,10292,106,44189,9971.6,6753,http://www.libertymedia.com
306,307,Peter [hotlink ignore=true]Kiewit[/hotlink] Sons',10283,419,5717,-,23000,http://www.perkinelmer.com
307,308,Interpublic Group,10221.3,656,17751.9,6278.9,54300,http://www.interpublic.com
308,309,PulteGroup,10213,1016.7,10715.6,6014.8,5245,http://www.pultegroupinc.com
309,310,AES,10189,303,33648,9040.8,8000,#N/A
310,311,Fiserv,10187,893,77539,64507.6,44000,http://www.fiserv.com
311,312,BorgWarner,10168,746,9702,5037.4,29000,#N/A
312,313,Oneok,10164.4,1278.6,21812.1,9014.5,2882,http://www.oneok.com
313,314,O'Reilly Automotive,10150,1391,10717.2,22353.4,67663,http://www.oreillyauto.com
314,315,Assurant,10086.8,382.6,44291.2,6217.9,13900,#N/A
315,316,Newell Brands,10083.1,106.6,15642,5949.1,30000,http://www.newyorklife.com
316,317,Public Service Enterprise Group,10076,1693,47730,22685.3,12992,http://www.pseg.com
317,318,News Corp.,10074,155,15711,5279.7,28000,http://www.newscorp.com
318,319,Calpine,10072,770,16649,-,2256,#N/A
319,320,Auto-Owners Insurance,10007.4,1352.4,27134.8,-,6141,#N/A
320,321,Mohawk Industries,9970.7,744.2,13386.7,5464.3,41800,http://www.mohawkind.com
322,322,Campbell Soup,9909,211,13148,13928.5,19000,#N/A
321,322,PVH,9909,417.3,13631,2746.2,30750,http://www.pvh.com
323,324,NRG Energy,9871,4438,12531,6829.8,4577,http://www.nrgenergy.com
324,325,Fifth Third Bancorp,9790,2512,169369,10560.3,19869,http://www.53.com
325,326,Hertz Global Holdings,9779,-58,24627,878,38000,http://www.thehersheycompany.com
326,327,Altice USA,9760.9,138.9,34108.1,14109.5,10700,#N/A
327,328,Newmont,9740,2805,39974,36576.6,16600,http://www.newmarket.com
328,329,Cheniere Energy,9730,648,35492,8511.8,1530,#N/A
329,330,Advance Auto Parts,9709,486.9,11248.5,6461.3,53000,#N/A
330,331,Lam Research,9653.6,2191.4,12001.3,34931.6,10700,http://www.lamresearch.com
331,332,Owens & Minor,9650,-62.4,3643.1,576.9,15400,http://www.owens-minor.com
332,333,Equitable Holdings,9591,-1733,249870,6706.9,10100,#N/A
333,334,Conagra Brands,9538.4,678.3,22213.8,14290.8,18000,#N/A
334,335,Markel,9526.2,1790.5,37473.8,12787.1,18600,http://www.markelcorp.com
335,336,Jones Financial (Edward Jones),9526,1092,19317,-,49000,http://www.edwardjones.com
336,337,Hormel Foods,9497.3,978.8,8109,25081.9,18800,http://www.hormelfoods.com
337,338,Hilton Worldwide Holdings,9452,881,14957,18933,173000,http://www.hiltonworldwide.com
338,339,Univar Solutions,9443.8,-100.2,6494.8,1810.4,10300,http://www.unitedhealthgroup.com
339,340,United Rentals,9351,1174,18970,7622.6,19100,http://www.unitedrentals.com
340,341,Pioneer Natural Resources,9304,756,19067,11624.9,2323,http://www.pxd.com
341,342,Delek US Holdings,9298.2,310.6,7016.3,1190.1,3707,#N/A
342,343,Eastman Chemical,9273,759,16008,6330,14500,#N/A
343,344,EMCOR Group,9174.6,325.1,4830.4,3449.8,36000,#N/A
344,345,Avis Budget Group,9172,302,23126,966.6,25600,#N/A
345,346,J.B. Hunt Transport Services,9165.3,516.3,5470.9,9800.3,29056,http://www.jbhunt.com
346,347,Xerox Holdings,9145,1353,15047,4030.2,27000,http://www.xerox.com
347,348,Wayfair,9127.1,-984.6,2953,5042.7,16985,http://www.watsco.com
348,349,KKR,9120.3,2005,60899.3,19912.6,1384,http://www.kkr.com
349,350,AGCO,9041.4,125.2,7759.7,3546.3,20961,#N/A
350,351,Alleghany,9040.7,857.8,26931.6,7923.5,10786,#N/A
351,352,Icahn Enterprises,8992,-1098,24639,10365.7,28033,http://www.ielp.com
352,353,Voya Financial,8942,-351,169051,5366.2,6000,http://www.voya.com
353,354,Ryder System,8925.8,-24.4,14475.3,1380.7,39900,http://www.ryder.com
354,355,Air Products & Chemicals,8918.9,1760,18942.8,44049.6,17570,#N/A
355,356,Mosaic,8906.3,-1067.4,19298.5,4098.2,12600,http://www.mosaicco.com
356,357,Huntington Ingalls Industries,8899,549,7031,7420.3,42000,http://www.huntingtoningalls.com
357,358,Berry Global Group,8878,404,16469,4463,48000,#N/A
358,359,Anixter International,8845.6,262.9,4808.9,2972.7,9400,#N/A
359,360,Alaska Air Group,8781,769,12993,3490,24134,#N/A
360,361,Yum China Holdings,8776,713,6950,16033.2,450000,http://www.yum.com
361,362,Dick's Sporting Goods,8750.7,297.5,6628.6,1848.3,28450,#N/A
362,363,Caesars Entertainment,8742,-1195,25345,4612.1,64000,#N/A
363,364,Genworth Financial,8681,343,101342,1675.8,3100,http://www.genworth.com
364,365,Targa Resources,8671.1,-209.2,18815.1,1610.8,2680,http://www.targaresources.com
365,366,Coty,8648.5,-3784.2,17665.4,3924.4,19000,#N/A
366,367,Dana,8620,226,7220,1128.2,36300,#N/A
367,368,Thrivent Financial for Lutherans,8611.7,968.1,102478.3,-,3235,http://www.thrivent.com
368,369,Autoliv,8547.6,461.5,6771.2,4017.4,61957,#N/A
369,370,SpartanNash,8536.1,5.7,2275.6,520.5,13800,http://www.spartannash.com
370,371,Eversource Energy,8526.5,909.1,41123.9,25835.3,8234,#N/A
371,372,Darden Restaurants,8510.4,713.4,5892.8,6580,184514,#N/A
372,373,Chesapeake Energy,8489,-308,16193,337.7,2300,#N/A
373,374,National Oilwell Varco,8479,-6095,13149,3793.9,34645,http://www.nov.com
374,375,Fidelity National Financial,8469,1062,10677,6854.3,23484,#N/A
375,376,Erie Insurance Group,8443.3,551,23346.7,-,5778,#N/A
376,377,Oshkosh,8382,579.4,5566.3,4394.4,15400,http://www.oshkoshcorporation.com
377,378,Casey's General Stores,8364.9,203.9,3731.4,4874.8,26866,#N/A
378,379,WESCO International,8358.9,223.4,5017.6,956.8,9500,http://www.wesco.com
379,380,Tractor Supply,8351.9,562.4,5289.3,9809.9,24000,http://www.tractorsupply.com
380,381,CommScope Holding,8345.1,-929.5,14431.6,1779,30000,#N/A
381,382,Huntsman,8342,562,8320,3217.2,10000,http://www.huntsman.com
382,383,American Financial Group,8237,897,70130,6331,7700,#N/A
383,384,Masco,8235,935,5027,9118,22000,http://www.masco.com
384,385,Sanmina,8233.9,141.5,3905.5,1927.2,38500,http://www.sanmina.com
385,386,Amphenol,8225.4,1155,10815.5,21725.6,74000,#N/A
386,387,Williams,8201,850,46040,17165.7,4812,http://www.williams.com
387,388,Westinghouse Air Brake,8200,326.7,18944.2,9227.1,27500,http://www.westernunion.com
388,389,Expeditors Intl. of Washington,8175.4,590.4,3691.9,11208.2,18000,#N/A
389,390,Andersons,8170.2,18.3,3900.7,628.7,2284,#N/A
390,391,Westlake Chemical,8118,421,13261,4900.8,9430,http://www.westlake.com
391,392,Constellation Brands,8116,3435.9,29231.5,27601.3,9800,#N/A
392,393,Frontier Communications,8107,-5911,17488,39.9,18317,#N/A
393,394,JetBlue Airways,8094,569,11918,2525.7,19032,http://www.jetblue.com
394,395,Citizens Financial Group,8066,1791,165733,8040,17997,#N/A
395,396,Raymond James Financial,8023,1034,38830,8802.7,14200,http://www.raymondjames.com
396,397,Foot Locker,8005,491,6589,2297.4,33294,#N/A
397,398,Hershey,7986.3,1149.7,8140.4,27791.8,15330,http://www.thehersheycompany.com
398,399,Zimmer Biomet Holdings,7982.2,1131.6,24638.7,20891.4,19900,www.zimmerbiomet.com
399,400,Cincinnati Financial,7924.2,1997.4,25407.9,12241.5,5200,#N/A
400,401,Western & Southern Financial Group,7920.5,244.9,54702.7,-,2787,http://www.westernsouthern.com
401,402,W.R. Berkley,7902.2,681.9,26643.4,9569.1,7493,http://www.wrberkley.com
402,403,Motorola Solutions,7887,868,10642,22802.9,17000,http://www.motorolasolutions.com
403,404,Thor Industries,7864.8,133.3,5660.4,2328.3,21750,http://www.thorindustries.com
404,405,Regeneron Pharmaceuticals,7863.4,2115.8,14805.2,53721.6,8100,http://www.regeneron.com
405,406,Spirit AeroSystems Holdings,7863.1,530.1,7606,2506.5,18200,http://www.spiritaero.com
406,407,J.M. Smucker,7838,514.4,16711.3,12658.2,7400,http://www.jmsmucker.com
407,408,PPL,7769,1746,45680,18949.6,12280,http://www.pplweb.com
408,409,Insight Enterprises,7731.2,159.4,4178.2,1485.7,11261,http://www.insight.com
409,410,Quest Diagnostics,7726,858,12843,10716.4,47000,http://www.questdiagnostics.com
410,411,KeyCorp,7694,1717,144988,10057.8,17045,http://www.key.com
411,412,Veritiv,7659.4,-29.5,2511.1,126.9,8000,http://www.ventasreit.com
412,413,DCP Midstream,7625,17,14127,847.9,2250,#N/A
413,414,American Tower,7580.3,1887.8,42801.6,96444,5454,#N/A
414,415,Graybar Electric,7523.9,144.5,2517.7,-,9000,#N/A
415,416,WEC Energy Group,7523.1,1134,34951.8,27799.2,7509,www.wecenergygroup.com
416,417,NVR,7428.4,878.5,3809.8,9475,5700,http://www.nvrinc.com
417,418,Ulta Beauty,7398.1,705.9,4863.9,9893.6,31000,http://www.ugicorp.com
418,419,Devon Energy,7372,-355,13717,2645.8,1800,#N/A
419,420,Blackstone Group,7338.3,2049.7,32585.5,30696.4,2905,#N/A
420,421,Dean Foods,7328.7,-499.9,2228.6,9.7,14500,#N/A
421,422,Fortive,7326.1,738.9,17439,18566.8,25000,#N/A
422,423,UGI,7320.4,256.2,13346.6,5562,12800,http://www.ugicorp.com
423,424,Burlington Stores,7286.4,465.1,5593.9,10441.3,47000,#N/A
424,425,Builders FirstSource,7280.4,221.8,3249.5,1420.3,15800,#N/A
425,426,Toll Brothers,7224,590,10828.1,2439.6,5100,http://www.tollbrothers.com
426,427,Old Republic International,7213.7,1056.4,21076.3,4634.9,9000,http://www.oldrepublic.com
427,428,Asbury Automotive Group,7210.3,184.4,2911.3,1064.8,8500,#N/A
428,429,Arthur J. Gallagher,7195,668.8,19634.8,15454.9,33247,#N/A
429,430,MasTec,7183.2,392.3,4997,2506.6,21000,http://www.mastec.com
430,431,Owens Corning,7160,405,10006,4200.9,19000,http://www.owenscorning.com
431,432,Magellan Health,7159.4,55.9,3092.2,1188.2,10100,http://www.magellanhealth.com
432,433,Dover,7136.4,677.9,8669.5,12094.4,24000,#N/A
433,434,Beacon Roofing Supply,7105.2,-10.6,6392.8,1138,8147,#N/A
434,435,Avery Dennison,7070.1,303.6,5488.8,8485.4,30000,#N/A
435,436,Hanesbrands,6966.9,600.7,7354,2816.5,63000,#N/A
436,437,Packaging Corp. of America,6964.3,696.4,7235.8,8235.8,15500,http://www.packagingcorp.com
437,438,M&T Bank,6941.3,1929.1,119872.8,13440.8,17386,http://www.biomet.com
438,439,NCR,6915,564,8987,2287,36000,http://www.ncr.com
439,440,Northern Trust,6895.1,1492.2,136828.4,15791.3,19800,http://www.northerntrust.com
440,441,Cintas,6892.3,885,7436.7,18023.6,45000,#N/A
441,442,Polaris,6863.4,324,4430.5,2959,14000,http://www.pnc.com
442,443,CMS Energy,6845,680,26837,16697.2,8459,#N/A
443,444,Seaboard,6840,283,6285,3273.8,13100,http://www.seaboardcorp.com
444,445,Intuit,6784,1557,6283,59912.6,9400,http://www.intuit.com
445,446,Regions Financial,6755,1582,126240,8587.8,19564,http://www.regions.com
446,447,FM Global,6743.1,2479.3,25053.8,-,5591,#N/A
447,448,Advanced Micro Devices,6731,341,6028,53250.4,11400,#N/A
448,449,Ovintiv,6726,234,21487,701.5,2571,http://www.outerwall.com
449,450,Booz Allen Hamilton Holding,6704,418.5,3831.8,9624.3,26100,#N/A
450,451,S&P Global,6699,2123,11348,59042.2,22500,http://www.ryland.com
451,452,Rockwell Automation,6694.8,695.8,6113,17533.3,23000,http://www.rockwellautomation.com
452,453,O-I Glass,6691,-400,9610,1108.5,27500,http://www.nvrinc.com
453,454,Wynn Resorts,6611.1,123,13871.3,6471.4,30200,http://www.wynnresorts.com
454,455,Securian Financial Group,6600.6,434.8,63138.3,-,6400,http://www.securian.com
455,456,Alliance Data Systems,6580.9,278,26494.8,1602.7,8500,#N/A
457,457,Brighthouse Financial,6554,-740,227259,2540.2,1330,#N/A
456,457,Weyerhaeuser,6554,-76,16406,12636.5,9400,http://www.weyerhaeuser.com
458,459,Intercontinental Exchange,6547,1933,94493,44342.9,5989,http://www.theice.com
459,460,American Axle & Manufacturing,6530.9,-484.5,6644.6,408.1,20000,#N/A
460,461,Hess,6510,-408,21782,10163.6,1775,#N/A
461,462,ABM Industries,6498.6,127.4,3692.6,1623.1,140000,#N/A
462,463,Activision Blizzard,6489,1503,19845,45753.3,9200,#N/A
463,464,GameStop,6466,-470.9,2819.7,225.6,30000,#N/A
464,465,Apache,6411,-3553,18107,1577.2,3163,#N/A
465,466,Science Applications International,6379,226,4711,4316.9,24311,http://www.saic.com
466,467,AK Steel Holding,6359.4,11.2,4590.6,-,9300,#N/A
467,468,Dillard's,6343.2,111.1,3430.3,863.8,30400,#N/A
468,469,Ralph Lauren,6313,430.9,5942.8,4928.3,18650,http://www.ralphlauren.com
469,470,Celanese,6297,852,9476,8775,7714,#N/A
470,471,R.R. Donnelley & Sons,6276.2,-93.2,3330.1,68,36400,http://www.rrdonnelley.com
471,472,Zoetis,6260,1500,11545,55895,10600,http://www.zoetis.com
472,473,Ascena Retail Group,6242.8,-661.4,2699.8,13.9,33000,#N/A
473,474,Clorox,6214,820,5116,21673.5,8800,#N/A
474,475,Ingredion,6209,413,6040,5049.6,11000,#N/A
475,476,First American Financial,6202.1,707.4,11519.2,4790.6,18412,#N/A
476,477,Graphic Packaging Holding,6160.1,206.8,7289.9,3542,18000,#N/A
478,478,HD Supply Holdings,6146,452,4715,4605.3,11500,#N/A
477,478,NetApp,6146,1169,8741,9220.9,10500,http://www.netapp.com
479,480,TravelCenters of America,6117.4,33.3,3230.9,81.2,18594,http://www.ta-petrol.com
480,481,Olin,6110,-11.3,9187.8,1841.8,6500,http://www.olin.com
481,482,Robert Half International,6074.4,454.4,2311.4,4345.8,16000,http://www.roberthalf.com
482,483,EnLink Midstream,6052.9,-1119.3,9335.8,537.3,1355,#N/A
483,484,Avantor,6040.3,37.8,9773.3,7155.6,12000,#N/A
484,485,Tapestry,6027.1,643.4,6877.3,3574.6,17400,http://www.take2games.com
485,486,TD Ameritrade Holding,6016,2208,43786,18738.8,9226,http://www.amtd.com
486,487,Analog Devices,5991.1,1363,21392.6,33010.9,16400,#N/A
487,488,Ameren,5910,828,28933,17969.9,9323,#N/A
488,489,Williams-Sonoma,5898,356.1,4054,3282.4,19300,http://www.williams-sonomainc.com
489,490,Realogy Holdings,5870,-188,7543,346.9,10150,http://www.realogy.com
490,491,Commercial Metals,5829,198.1,3758.8,1880,11524,#N/A
491,492,Rush Enterprises,5809.8,141.6,3407.3,1145.6,7244,http://www.rushenterprises.com
492,493,Franklin Resources,5774.5,1195.7,14532.2,8293.2,9597,#N/A
493,494,Fortune Brands Home & Security,5764.6,431.9,6291.3,6042.3,24700,#N/A
494,495,Levi Strauss,5763.1,394.6,4232.4,4961.2,15800,http://www.levistrauss.com
495,496,Crown Castle International,5763,860,38457,60178.6,5100,#N/A
496,497,Simon Property Group,5755.2,2101.6,31231.6,16834.8,3750,http://www.simon.com
497,498,Cerner,5692.6,529.5,6894.6,19164.4,27400,#N/A
498,499,Post Holdings,5681.1,124.7,11951.6,5732,10100,http://www.postholdings.com
499,500,Huntington Bancshares,5655,1411,109002,8398.6,15664,#N/A
500,501,KBR,5639,202,5364,2942.6,28000,#N/A
501,502,Sprouts Farmers Market,5634.8,149.6,2723,2185.1,30000,http://www.sprouts.com
502,503,LPL Financial Holdings,5624.9,559.9,5880.2,4305.4,4343,http://www.lpl.com
503,504,T. Rowe Price,5617.9,2131.3,9330.4,22788.1,7365,http://www.troweprice.com
504,505,Yum Brands,5597,1294,5231,20615.4,34000,http://www.yum.com
505,506,Chipotle Mexican Grill,5586.4,350.2,5104.6,18171.4,83000,#N/A
506,507,Patterson,5574.5,83.6,3269.3,1464.9,7800,http://www.pattersoncompanies.com
507,508,RPM International,5564.6,266.6,5441.4,7721.1,14957,http://www.rpminc.com
508,509,Equinix,5562.1,507.5,23965.6,53365.7,8378,#N/A
509,510,Navient,5529,597,94903,1465.5,5800,http://www.navient.com
510,511,Chemours,5526,-52,7258,1455.9,7000,#N/A
511,512,ON Semiconductor,5517.9,211.7,8425.5,5113.7,34800,http://www.onsemi.com
512,513,TransDigm Group,5517.2,889.8,16254.7,17190.3,18300,http://www.transdigm.com
513,514,Host Hotels & Resorts,5469,920,12305,7792.9,175,#N/A
514,515,Select Medical Holdings,5453.9,148.4,7340.3,2014.7,42800,http://www.selectmedicalholdings.com
515,516,Par Pacific Holdings,5401.5,40.8,2700.6,380.6,1408,http://www.parpacific.com/
516,517,Sonoco Products,5374.2,291.8,5126.3,4650.7,23000,http://www.sonoco.com
517,518,Roper Technologies,5366.8,1767.9,18108.9,33086.1,16460,http://www.ropertech.com
518,519,Harley-Davidson,5361.8,423.6,10528.2,2892.7,5600,#N/A
519,520,Jefferies Financial Group,5358.7,964.7,49460.2,3788.1,4800,#N/A
520,521,Kelly Services,5355.6,112.4,2480.6,496.4,7700,#N/A
521,522,Microchip Technology,5349.5,355.9,18350,16240.7,18286,http://www.michaels.com
522,523,McCormick,5347.4,702.7,10362.1,18767.4,12400,http://www.mccormickcorporation.com
523,524,MDU Resources Group,5336.9,335.5,7683.1,4310.2,13359,http://www.mdu.com
524,525,Fastenal,5333.7,790.9,3799.9,17949.9,21948,#N/A
525,526,Big Lots,5323.2,242.5,3189.3,557,22250,#N/A
526,527,Penn National Gaming,5301.4,43.9,14194.5,1478.3,28300,http://www.pngaming.com
527,528,Western Union,5292.1,1058.3,8758.5,7489.9,11500,http://www.westernunion.com
528,529,Under Armour,5267.1,92.1,4843.5,3878.1,11700,http://www.uabiz.com
529,530,Xylem,5249,401,7710,11737.9,16300,http://www.xyleminc.com
530,531,Skechers U.S.A.,5242.5,346.6,4892.9,3724.9,8550,http://www.skx.com
531,532,Domtar,5220,84,4903,1217.8,10000,#N/A
532,533,NiSource,5208.9,383.1,22659.8,9545.1,8363,http://www.nisource.com
533,534,Marathon Oil,5190,480,20245,2618.3,2000,http://www.marathonoil.com
534,535,National General Holdings,5179.6,348.1,9756.5,1881.9,9200,http://www.nationalfuelgas.com
535,536,Telephone & Data Systems,5176,121,10781,1923.7,9400,http://www.tdsinc.com
536,537,Agilent Technologies,5163,1071,9452,22177.2,16300,#N/A
537,538,Ametek,5158.6,861.3,9844.6,16506.3,18100,#N/A
538,539,Evergy,5147.8,669.9,25975.9,12477.6,4617,#N/A
539,540,International Flavors & Fragrances,5140.1,455.9,13287.4,10902.4,13668,#N/A
540,541,ADT,5125.7,-424.2,16083.7,3282.7,17500,#N/A
541,542,Welltower,5121.3,1232.4,33380.8,18795.2,443,www.welltower.com
542,543,Windstream Holdings,5115.4,-3090,9897.5,2.2,11945,http://www.windstream.com
543,544,Michaels,5072,272.6,3838.1,237.9,28000,http://www.mgmresorts.com
544,545,Kemper,5039.2,531.1,12989.1,4970.1,8900,#N/A
545,546,Hyatt Hotels,5020,766,8417,4852.5,55000,#N/A
546,547,Alexion Pharmaceuticals,4991.1,2404.3,17544.6,19942.4,3082,#N/A
547,548,Resideo Technologies,4988,36,5128,595,13000,http://www.republicservices.com
548,549,CACI International,4986.3,265.6,5086.8,5293.9,22100,#N/A
549,550,Electronic Arts,4950,1019,8957,29016.7,9700,#N/A
550,551,Vulcan Materials,4929.1,617.7,10648.8,14325.2,9173,http://www.vulcanmaterials.com
551,552,TreeHouse Foods,4926.9,-361,5139.4,2484,10800,http://www.treehousefoods.com
552,553,Global Payments,4911.9,430.6,44480.2,43287.5,24000,#N/A
553,554,Hanover Insurance Group,4897.4,425.1,12490.5,3457.4,4300,#N/A
554,555,Camping World Holdings,4892,-60.6,3376.2,502.1,11508,#N/A
555,556,Cornerstone Building Brands,4889.7,-15.4,5564.3,574.9,20100,#N/A
556,557,YRC Worldwide,4871.2,-104,1831.6,60.6,29000,http://www.yrcw.com
557,558,CME Group,4868,2116.5,75215.3,61984.7,4360,#N/A
558,559,Chewy,4846.7,-252.4,932.3,14943.5,12000,#N/A
559,560,Knight-Swift Transportation Holdings,4844,309.2,8281.7,5568.6,23700,#N/A
560,561,Moody's,4829,1422,10265,39594.4,11081,http://www.moodys.com
561,562,Coca-Cola Consolidated,4826.5,11.4,3126.9,1954.7,15850,#N/A
562,563,Carlisle,4811.6,472.8,5496,6976.9,14000,#N/A
563,564,Sealed Air,4791.1,263,5765.2,3821.9,16500,http://www.sealedair.com
564,565,A-Mark Precious Metals,4783.2,2.2,705.4,86.3,183,#N/A
565,566,Watsco,4770.4,246,2556.2,6049.8,5800,http://www.watsco.com
566,567,Taylor Morrison Home,4762.1,254.7,5245.7,1478.9,2300,http://www.taylormorrison.com
567,568,IAC/InterActiveCorp,4757.1,431.1,8332.8,15191.5,8700,#N/A
568,569,Leggett & Platt,4752.5,333.8,4816.4,3528.4,22000,#N/A
569,570,OneMain Holdings,4749,855,22817,2604,9700,www.archrock.com
570,571,Schneider National,4747,147,3660.1,3425.5,15650,http://www.scansource.com
571,572,Martin Marietta Materials,4739.1,611.9,10131.6,11769.9,8846,#N/A
572,573,NortonLifeLock,4731,31,15938,11233.2,11900,http://www.northwesternmutual.com
573,574,Hasbro,4720.2,520.5,8855.6,9793.5,5600,#N/A
574,575,Square,4713.5,375.4,4551.3,22797.6,3835,http://www.spx.com
575,576,Terex,4680.3,54.4,3195.6,1015.3,9500,http://www.terex.com
576,577,Syneos Health,4675.8,131.3,7453.8,4109.4,24000,http://www.symetra.com
577,578,FMC,4661.9,477.4,9872.7,10574,6400,#N/A
578,579,Boise Cascade,4643.4,80.9,1693.4,932.1,6010,#N/A
579,580,SS&C Technologies Holdings,4632.9,438.5,16741.1,11203.5,22800,http://www.spx.com
580,581,Continental Resources,4631.9,775.6,15727.9,2789.4,1260,#N/A
581,582,Peabody Energy,4623.4,-211.3,6542.8,281.6,6600,http://www.peabodyenergy.com
582,583,Encompass Health,4605,358.7,6080.7,6302.7,35690,#N/A
583,584,Greif,4595,171,5426.7,1698.1,17000,#N/A
584,585,Concho Resources,4592,-705,24732,8428.9,1453,#N/A
585,586,Hubbell,4591,400.9,4903,6239.4,18800,#N/A
586,587,CF Industries Holdings,4590,493.1,12171.9,5879.9,2987,#N/A
587,588,KLA,4568.9,1175.6,9008.5,22534.4,10020,#N/A
588,589,Genesis Healthcare,4565.8,14.6,4662.1,138.9,55000,#N/A
589,590,Brunswick,4556.7,-131,3564.4,2806.8,12828,#N/A
590,591,KB Home,4552.7,268.8,5015.5,1630.8,2140,#N/A
591,592,Globe Life,4527.5,760.8,25977.5,7729.4,3196,#N/A
592,593,Mattel,4504.6,-213.5,5325.2,3055.9,24000,#N/A
593,594,Ryerson Holding,4501.6,82.4,2021.5,199.3,4500,http://www.ryerson.com
594,595,Silgan Holdings,4489.9,193.8,4931.1,3214.8,13220,http://www.silganholdings.com
595,596,Zebra Technologies,4485,544,4711,9916,8200,http://www.yum.com
596,597,Intuitive Surgical,4478.5,1379.3,9733.2,57432,7326,#N/A
597,598,Warner Music Group,4475,256,6017,-,5400,http://www.wmg.com
598,599,Conduent,4467,-1934,4514,519.1,67000,#N/A
599,600,Tutor Perini,4450.8,-387.7,4485.8,339.2,9100,http://www.tutorperini.com
600,601,Juniper Networks,4445.4,345,8837.7,6326.3,9419,#N/A
601,602,Noble Energy,4438,-1512,20647,2929.6,2282,http://www.nobleenergyinc.com
602,603,Vertiv Holdings,4431.2,-140.8,4657.4,2840.8,19800,http://www.verizon.com
603,604,Tiffany,4424,541.1,6660.1,15694.3,14100,http://www.tiffany.com
604,605,EQT,4416.5,-1221.7,18809.2,1806.1,647,#N/A
605,606,Universal Forest Products,4416,179.7,1889.5,2296.8,12000,http://www.ufpi.com
606,607,Diebold Nixdorf,4408.7,-341.3,3790.6,272.8,22000,#N/A
607,608,Antero Resources,4408.7,-340.1,15197.6,204.4,547,#N/A
608,609,Meritor,4388,291,2815,979.3,9100,#N/A
609,610,Broadridge Financial Solutions,4362.2,482.1,3880.7,10886.7,11000,#N/A
610,611,Church & Dwight,4357.7,615.9,6657.4,15773.9,4800,#N/A
611,612,Marriott Vacations Worldwide,4355,138,9214,2280.3,22000,#N/A
612,613,Edwards Lifesciences,4348,1046.9,6488.1,39105.8,13900,#N/A
613,614,Colfax,4326.3,-527.6,7386.8,2339.3,15000,#N/A
614,615,Insperity,4314.8,151.1,1395,1468.9,3500,#N/A
615,616,American Eagle Outfitters,4308.2,191.3,3328.7,1329.3,27000,#N/A
616,617,Keysight Technologies,4303,621,6623,15681.2,13600,#N/A
617,618,JELD-WEN Holding,4289.8,63,3381.3,980.3,23300,#N/A
618,619,Iron Mountain,4262.6,267.4,13816.8,6838.8,25000,#N/A
619,620,Nasdaq,4262,774,13924,15604.8,4361,#N/A
620,621,Gartner,4245.3,233.3,7151.3,8871.8,16724,#N/A
621,622,Sinclair Broadcast Group,4240,47,17370,1472.5,11800,http://www.simon.com
622,623,Ingles Markets,4202,81.6,1867.3,732.6,18630,#N/A
623,624,Monster Beverage,4200.8,1107.8,5150.4,30205.8,3092,#N/A
624,625,Murphy Oil,4194,1149.7,11718.5,941.4,822,#N/A
625,626,Vertex Pharmaceuticals,4162.8,1176.8,8318.5,61693,3000,http://www.verizon.com
626,627,First Republic Bank,4156.7,930.3,116263.6,14093.5,4812,#N/A
627,628,Bloomin' Brands,4139.4,130.6,3592.7,621.4,94000,#N/A
628,629,Spectrum Brands Holdings,4138.8,471.9,5230.5,1669.2,13000,http://www.spectraenergy.com
629,630,Quad/Graphics,4137.2,-156.3,2417.1,136,19600,http://www.qg.com
630,631,Flowers Foods,4124,164.5,3177.8,4341.3,9700,#N/A
631,632,CUNA Mutual Group,4122.7,219.6,24609.6,-,3600,#N/A
632,633,Allegheny Technologies,4122.5,257.6,5634.6,1076.3,8100,#N/A
633,634,Old Dominion Freight Line,4109.1,615.5,3995.6,15691.6,20105,http://www.odfl.com
634,635,Landstar System,4089.6,227.7,1427.7,3784.9,1333,#N/A
635,636,American National Insurance,4070.1,620.4,28597.6,2215,4640,#N/A
636,637,Snap-on,4067.7,693.5,5693.5,5951.1,12800,http://www.snapon.com
637,638,Brookdale Senior Living,4057.1,-267.9,7194.4,574.9,48400,#N/A
638,639,Amkor Technology,4052.7,120.9,4695.6,1877.8,29650,#N/A
639,640,Wyndham Destinations,4043,507,7453,1894.5,22500,http://www.wpxenergy.com
640,641,PPD,4031,47.8,5556.2,6208.2,23000,http://www.postholdings.com
641,642,Dentsply Sirona,4029.2,262.9,8602.9,8598.5,15200,#N/A
642,643,CNO Financial Group,4015.8,409.4,33630.9,1795.1,3300,#N/A
643,644,Urban Outfitters,3983.8,168.1,3315.6,1392.3,16800,http://www.urbanoutfittersinc.com
644,645,Sabre,3975,158.6,5690,1623.4,9250,http://www.sabre.com
645,646,Mercury General,3972.5,320.1,5889.2,2254.2,4500,#N/A
646,647,Diamondback Energy,3964,240,23531,4147.1,712,#N/A
647,648,Parsons,3954.8,120.5,3450.4,3217.4,15879,http://www.parker.com
648,649,Aaron's,3947.7,31.5,3297.8,1520.4,12100,#N/A
649,650,Flowserve,3944.9,253.7,4919.6,3127.2,17000,#N/A
650,651,Carvana,3939.9,-114.7,2057.7,8480,7324,#N/A
651,652,ASGN,3923.9,174.7,2941.4,1872,4300,#N/A
652,653,Sally Beauty Holdings,3876.4,271.6,2098.4,943.6,30050,http://www.sallybeautyholdings.com
653,654,ScanSource,3873.1,57.6,2067.3,542.1,2700,http://www.scansource.com
654,655,Ventas,3872.8,433,24692.2,9992.7,516,http://www.ventasreit.com
655,656,Country Financial,3868.1,167.3,15724.8,-,3839,#N/A
656,657,TriNet Group,3856,212,2748,2589.1,2900,http://www.trinet.com
657,658,Spirit Airlines,3830.5,335.3,7043.4,882.4,8938,http://www.spiritaero.com
658,659,Comerica,3817,1198,73402,4117.7,7708,#N/A
659,660,Lennox International,3807.2,408.7,2034.9,7016.9,11200,#N/A
660,661,Timken,3789.9,362.1,4859.9,2451.8,18829,http://www.timken.com
661,662,Paychex,3772.5,1034.4,8676,22570.4,15450,http://www.paychex.com
662,663,Amerco,3768.7,370.9,11891.7,5697,21900,#N/A
663,664,Worthington Industries,3759.6,153.5,2510.8,1433.2,12000,http://www.worthingtonindustries.com
664,665,Lamb Weston Holdings,3756.5,478.6,3048.1,8341.9,7600,#N/A
665,666,Laureate Education,3752.1,938.5,6515.6,2203.3,41000,#N/A
666,667,Penn Mutual Life Insurance,3705.1,396,36678.6,-,3318,http://www.pennmutual.com
667,668,iHeartMedia,3683.5,-,11021.1,1073.8,11400,#N/A
668,669,Brink's,3683.2,29,3763.8,2625.2,64300,#N/A
669,670,Sentry Insurance Group,3680.8,324.3,19752.6,-,4217,http://www.sentry.com
670,671,Acuity Brands,3672.7,330.4,3172.4,3393.8,12000,#N/A
671,672,Hub Group,3668.1,107.2,1991.6,1557.3,5000,#N/A
672,673,Meritage Homes,3666.9,249.7,3398.2,1372.7,1510,#N/A
673,674,MRC Global,3662,39,2325,349.6,3345,#N/A
674,675,Alliant Energy,3647.7,557.2,16700.7,11832.5,3597,#N/A
675,676,Workday,3627.2,-480.7,6816.4,30211,12200,http://www.wolverineworldwide.com
676,677,BMC Stock Holdings,3626.6,109.8,1906.1,1183.3,10200,#N/A
677,678,Abercrombie & Fitch,3623.1,39.4,3549.7,559.9,26000,#N/A
678,679,Domino's Pizza,3618.8,400.7,1382.1,12647.1,13100,#N/A
679,680,Lyft,3616,-2602.2,5691.4,8233.3,5683,#N/A
680,681,Meredith,3611.9,46.3,6136.9,554.1,5615,#N/A
681,682,American Water Works,3610,621,22682,21642.7,6800,#N/A
682,683,Albemarle,3589.4,533.2,9860.9,5993.2,6000,#N/A
683,684,Ciena,3572.1,253.4,3893.3,6111,6383,#N/A
684,685,Barnes & Noble,3552.7,3.8,1705.6,-,15538,#N/A
685,686,Weis Markets,3543.3,68,1675.6,1120.6,23000,http://www.weismarkets.com
686,687,Illumina,3543,1002,7316,40148.6,7700,#N/A
687,688,SVB Financial Group,3530.9,1136.9,71004.9,7787.7,3564,http://www.supervalu.com
688,689,Carter's,3519.3,263.8,2753.1,2887.4,20300,#N/A
689,690,Stifel Financial,3515,448.4,24610.2,2870.3,8205,http://www.stifel.com
690,691,Mednax,3513.5,-1497.7,4145.9,981,9480,#N/A
691,692,Equifax,3507.6,-398.8,7909,14569.4,11200,#N/A
692,693,Kar Auction Services,3505.5,188.5,6581.2,1546.4,13311,#N/A
693,694,Ashland Global Holdings,3505,505,7251,3016.6,4700,#N/A
694,695,Medical Mutual of Ohio,3502.7,83.7,2541.8,-,2801,#N/A
695,696,Sprague Resources,3502.4,31.3,1275.5,299.1,770,http://www.spragueenergy.com
696,697,Super Micro Computer,3500.4,71.9,1682.6,1090.8,3670,http://www.suntrust.com
697,698,Designer Brands,3492.7,94.5,2465.1,357.3,16100,#N/A
698,699,Pitney Bowes,3477.7,194.6,5466.9,349.6,11000,http://www.pb.com
699,700,Applied Industrial Technologies,3472.7,144,2331.7,1768.4,6650,#N/A
700,701,Pinnacle West Capital,3471.2,538.3,18479.2,8521.8,6210,http://www.pinnaclewest.com
701,702,American Equity Investment Life Holding,3464.3,246.1,69696.6,1716.3,608,#N/A
702,703,ServiceNow,3460.4,626.7,6022.4,54392.9,10371,http://www.servicemaster.com
703,704,Twitter,3459.3,1465.7,12703.4,19213,4900,http://www.21cf.com
704,705,Calumet Specialty Products Partners,3452.6,-43.6,1857.8,81.7,1500,#N/A
705,706,Steelcase,3443.2,126,2142.4,1156.8,12700,http://www.steelcase.com
706,707,Sanderson Farms,3440.3,53.3,1774.1,2742.4,17055,http://www.sandersonfarms.com
707,708,WABCO Holdings,3421.4,245.8,4037.1,6924.1,13911,http://www.wabco-auto.com
708,709,Clean Harbors,3412.2,97.7,4108.9,2866.3,14400,#N/A
709,710,Puget Energy,3401.1,210.7,14659.9,-,3130,http://www.pugetenergy.com
710,711,Scientific Games,3400,-130,7809,910.5,9800,http://www.saic.com
711,712,Granite Construction,3389.8,-105.4,2633.8,709.5,4200,#N/A
712,713,Carlyle Group,3377,380.9,13808.8,7539.2,1775,#N/A
713,714,Skyworks Solutions,3376.8,853.6,4839.6,15155.5,9000,http://www.skyworksinc.com
714,715,Aleris,3375.9,-11.8,2712.2,-,5600,#N/A
715,716,Triple-S Management,3375.6,92.9,2818.8,345,3992,http://www.triplesmanagement.com
716,717,Hexion,3374,-,4146,-,4000,#N/A
717,718,Hologic,3367.3,-203.6,6442.1,9270.9,6478,#N/A
718,719,Triumph Group,3364.9,-321.8,2854.6,350.5,10776,http://www.triumphgroup.com
719,720,Darling Ingredients,3363.9,312.6,5345.3,3144.6,10100,#N/A
720,721,MSC Industrial Direct,3363.8,288.9,2311.2,3044.9,6700,#N/A
721,722,Red Hat,3362.1,434,5588.3,-,13360,http://www.realogy.com
722,723,Synopsys,3360.7,532.4,6405.2,19347.8,13896,http://www.synopsys.com
723,724,PolyOne,3351.6,588.6,3273.3,1752.3,5600,#N/A
724,725,Dycom Industries,3339.7,57.2,2217.6,810.2,15230,#N/A
725,726,Cabot,3337,157,3004,1480.5,4500,#N/A
726,727,Prologis,3330.6,1573,40031.9,59400.6,1712,#N/A
727,728,Boyd Gaming,3326.1,157.6,6650.1,1609.4,24300,#N/A
728,729,LSC Communications,3326,-295,1649,3,20000,#N/A
729,730,Brown-Forman,3324,835,5139,25843.4,4700,#N/A
730,731,Stericycle,3308.9,-346.8,6437,4434,19500,http://www.stericycle.com
731,732,CIT Group,3296.1,529.9,50832.8,1692,3609,#N/A
732,733,MDC Holdings,3293.3,238.3,3338.4,1462.8,1656,#N/A
733,734,Hyster-Yale Materials Handling,3291.8,35.8,1847.2,672.8,7900,#N/A
734,735,Crane,3283.1,133.3,4423.7,2911.4,13000,#N/A
735,736,Cinemark Holdings,3283.1,191.4,5828,1193.8,22603,#N/A
736,737,Autodesk,3274.3,214.5,6179.3,34267.3,10100,#N/A
737,738,Trimble,3264.3,514.3,6640.7,7962.8,11484,http://www.tribunemedia.com
738,739,Garrett Motion,3248,313,2275,214,7400,#N/A
739,740,Zions Bancorp.,3245,816,69172,4389,10188,http://www.zionsbancorporation.com
740,741,Regal Beloit,3238,238.9,4430.7,2559.3,19560,http://www.regalbeloit.com
741,742,Service Corp. International,3230.8,369.6,13677.4,7083.9,20457,http://www.sci-corp.com
742,743,Varian Medical Systems,3225.1,291.9,4101.7,9307.8,10062,http://www.varian.com
743,744,PriceSmart,3223.9,73.2,1296.4,1608.7,9000,#N/A
744,745,Brinker International,3217.9,154.9,1258.3,449.3,56147,#N/A
745,746,Digital Realty Trust,3209.2,579.8,23068.1,36016.5,1550,#N/A
746,747,Pool,3199.5,261.6,1483.3,7921.2,4500,#N/A
747,748,Crestwood Equity Partners,3181.9,285.1,5349.3,307.6,894,#N/A
748,749,Infor,3171.2,142,6752.7,-,17380,#N/A
749,750,Plexus,3164.4,108.6,2000.9,1601.6,19000,#N/A
750,751,Teledyne Technologies,3163.6,402.3,4579.8,10893.1,11790,http://www.teledyne.com
751,752,G-III Apparel Group,3160.5,143.8,2565.1,369.7,6050,#N/A
752,753,Scotts Miracle-Gro,3156,460.7,3028.7,5693,5850,http://www.scotts.com
753,754,Apollo Global Management,3145.4,843.2,8542.1,7738.9,1421,#N/A
754,755,E*Trade Financial,3145,955,61416,7585.5,4122,#N/A
755,756,Toro,3138.1,274,2330.5,6963.3,9329,http://www.thetorocompany.com
756,757,Southwest Gas Holdings,3119.9,213.9,8170,3834,8944,http://www.swgas.com
757,758,GMS,3116,56,2149.6,665.7,5858,#N/A
758,759,Cooper-Standard Holdings,3108.4,67.5,2635.6,173,28000,#N/A
759,760,Acadia Healthcare,3107.5,108.9,6879.1,1629.1,35600,#N/A
760,761,Tetra Tech,3107.3,158.7,2147.4,3861.8,20000,http://www.tetratech.com
761,762,Primoris Services,3106.3,82.3,1830.5,767.2,9700,#N/A
762,763,Tempur Sealy International,3106,189.5,3061.8,2277.2,7400,http://www.tempursealy.com
763,764,H&R Block,3094.9,422.5,3299.9,2710.1,44600,#N/A
764,765,Qorvo,3090.3,133.1,5808,9327.7,8100,#N/A
765,766,TRI Pointe Group,3083,207.2,3858.7,1177,1386,http://www.treehousefoods.com
766,767,Cracker Barrel Old Country Store,3072,223.4,1581.2,1992.6,73000,#N/A
767,768,Elanco Animal Health,3071,67.9,8985.8,8923.1,6080,#N/A
768,769,PRA Health Sciences,3066.3,243,3544.4,5278.3,17500,#N/A
769,770,First Solar,3063.1,-114.9,7515.7,3802.8,6600,#N/A
770,771,AMC Networks,3060.3,380.5,5596.7,1350.7,2588,#N/A
771,772,Xilinx,3059,889.8,5151.3,19394.3,4433,http://www.xilinx.com
772,773,Green Plains,3055.4,-166.9,1698.2,170,820,#N/A
773,774,Columbia Sportswear,3042.5,330.5,2931.6,4702.7,8900,#N/A
774,775,Nexstar Media Group,3039.3,230.3,13989.7,2647.5,14891,#N/A
775,776,Southwestern Energy,3038,891,6717,914.4,923,http://www.swn.com
776,777,Greenbrier,3033.6,71.1,2990.6,578.3,17100,#N/A
777,778,Presidio,3026.1,35.2,2870.9,-,2900,#N/A
778,779,Citrix Systems,3010.6,681.8,4388.9,17319.8,8400,#N/A
779,780,Mettler-Toledo International,3008.7,561.1,2789.3,16558.8,15525,#N/A
780,781,Trinity Industries,3005.1,137.6,8701.4,1923.6,11875,http://www.trin.net
781,782,Mutual of America Life Insurance,3004.7,-21.2,23657.9,-,1202,#N/A
782,783,Lincoln Electric Holdings,3003.3,293.1,2371.2,4150.8,11000,#N/A
783,784,Tailored Brands,2998.7,-82.3,2419,84.3,16500,http://www.menswearhouse.com
784,785,A.O. Smith,2992.7,370,3058,6125.4,15100,#N/A
785,786,ArcBest,2988.3,40,1651.2,443.9,13000,#N/A
786,787,GoDaddy,2988.1,137,6301.2,9988.4,7024,#N/A
787,788,SkyWest,2972,340.1,6657.1,1316.2,13700,http://www.skywest.com
788,789,Boston Properties,2960.6,521.5,21284.9,14306.9,760,#N/A
789,790,Enable Midstream Partners,2960,396,12266,1118.5,1735,#N/A
790,791,Middleby,2959.4,352.2,5002.1,3196.1,9778,#N/A
791,792,NOW,2951,-97,1591,563.5,4300,#N/A
792,793,Unisys,2948.7,-17.2,2504,776.8,20800,http://www.unisys.com
793,794,Visteon,2945,70,2271,1344.4,11000,http://www.visteon.com
794,795,Graham Holdings,2932.1,327.9,5931.2,1790.6,15902,#N/A
795,796,Resolute Forest Products,2923,-47,3626,109.2,6700,#N/A
796,797,Caleres,2921.6,62.8,2431.7,208.2,11400,#N/A
797,798,AGNC Investment,2920,688,113082,5723.2,51,#N/A
798,799,Hill-Rom Holdings,2907.3,152.2,4919,6739.3,10000,#N/A
799,800,Moog,2904.7,179.7,3114.2,1713.1,12809,#N/A
800,801,Legg Mason,2903.3,-28.5,7794.1,4244.7,3246,#N/A
801,802,Atmos Energy,2901.8,511.4,13367.6,12132.5,4776,#N/A
802,803,Woodward,2900.2,259.6,3956.5,3698.1,9023,http://www.wolverineworldwide.com
803,804,Palo Alto Networks,2899.6,-81.9,6592.2,16347.6,7014,#N/A
804,805,H.B. Fuller,2897,130.8,3985.7,1435.9,6369,#N/A
805,806,Akamai Technologies,2893.6,478,7006.9,14810.6,7724,#N/A
806,807,Avaya Holdings,2887,-671,6950,770.9,7900,#N/A
807,808,Maximus,2886.8,240.8,1745.7,3721.5,29600,#N/A
808,809,PerkinElmer,2883.7,227.6,6538.6,8379,13000,#N/A
809,810,Hawaiian Electric Industries,2874.6,217.9,13745.3,4698.7,3841,#N/A
810,811,Kansas City Southern,2866,538.9,9786.8,12228.5,7040,#N/A
811,812,AptarGroup,2859.7,242.2,3562.1,6474.7,14000,#N/A
812,813,Public Storage,2846.8,1520.5,11365.4,34684.6,5900,#N/A
813,814,Selective Insurance Group,2846.5,271.6,8797.2,2967.5,2400,#N/A
814,815,ITT,2846.4,325.1,4107.7,3992.8,10500,#N/A
815,816,Donaldson,2844.9,267.2,2142.6,4897.2,14100,#N/A
816,817,Park Hotels & Resorts,2844,306,11290,1898.3,488,#N/A
817,818,Kirby,2838.4,142.3,6079.1,2608.1,5550,#N/A
818,819,Hawaiian Holdings,2832.2,224,4126.6,479.7,7437,#N/A
819,820,Popular,2830.7,671.1,52115.3,3103.3,8560,#N/A
820,821,Range Resources,2827.6,-1716.3,6612.4,580.8,655,#N/A
821,822,PC Connection,2820,82.1,937.3,1085.7,2609,#N/A
822,823,Amica Mutual Insurance,2808.5,173.3,6382.9,-,3983,#N/A
823,824,EnerSys,2808,160.2,3118.2,2095.1,11000,#N/A
824,825,Helmerich & Payne,2798.5,-33.7,5839.5,1703.9,8502,#N/A
825,826,NLV Financial,2772.1,223.5,35766.1,-,1278,#N/A
826,827,Valmont Industries,2767,153.8,2763.4,2281.1,9862,http://www.valmont.com
827,828,PAE,2763.9,-49.8,1371.3,597.3,20000,#N/A
828,829,Texas Roadhouse,2756.2,174.5,1983.6,2866.5,35554,http://www.ti.com
829,830,Cooper Tire & Rubber,2752.6,96.4,2802.3,819.3,8720,#N/A
830,831,Euronet Worldwide,2750.1,346.7,4657.7,4587.7,7700,#N/A
831,832,Zillow Group,2742.8,-305.4,6132,7411.2,5249,http://www.yum.com
832,833,Atlas Air Worldwide Holdings,2739.2,-293.1,5385.6,666.3,3587,#N/A
833,834,Energizer Holdings,2729.6,51.1,5449.6,2100.3,7500,#N/A
834,835,Magellan Midstream Partners,2727.9,1020.8,8437.7,8309.7,1884,#N/A
835,836,Hain Celestial Group,2710.6,-183.3,2582.6,2710.9,5441,#N/A
836,837,Univision Communications,2703.8,286.8,9320.7,-,4500,http://corporate.univision.com
837,838,Equity Residential,2701.1,970.4,21172.8,22954.8,2700,#N/A
838,839,Allison Transmission Holdings,2698,604,4450,3818.5,3700,#N/A
839,840,Colony Capital,2689.6,-1048.8,19832.2,852.9,400,#N/A
840,841,TTM Technologies,2689.3,41.3,3560.9,1095.6,25700,http://www.trw.com
841,842,Clear Channel Outdoor Holdings,2683.8,-363.3,6393.3,298.5,5900,#N/A
842,843,Guess,2678.1,96,2429,444.4,15800,#N/A
843,844,Rent-A-Center,2669.9,173.5,1582.8,781,14500,#N/A
844,845,Take-Two Interactive Software,2668.4,333.8,4243.1,13453.3,4894,http://www.take2games.com
845,846,Vishay Intertechnology,2668.3,163.9,3120.8,2084.3,22400,http://www.vishay.com
846,847,TransUnion,2656.1,346.9,7113.2,12560,8000,http://www.transdigm.com
847,848,Cooper,2653.4,466.7,6274.5,14701.6,12000,#N/A
848,849,FleetCor Technologies,2648.8,895.1,12248.5,15935.9,8700,#N/A
849,850,RH,2647.4,220.4,2445.7,1932.9,4750,#N/A
850,851,Renewable Energy Group,2643.2,380.1,1785.3,801,829,#N/A
851,852,BlueLinx Holdings,2637.3,-17.7,971.4,46.4,2189,#N/A
852,853,California Resources,2634,-28,6958,49.4,1250,#N/A
853,854,TopBuild,2624.1,191,2604,2400.1,10400,http://www.tollbrothers.com
854,855,Charles River Laboratories International,2621.2,252,4692.8,6245.5,17100,#N/A
855,856,Comfort Systems USA,2615.3,114.3,1505,1338.2,12000,#N/A
856,857,Verisk Analytics,2607.1,449.9,7055.2,22729.5,9180,http://www.ventasreit.com
857,858,ResMed,2606.6,404.6,4107.7,21300.6,7240,#N/A
858,859,Teleflex,2595.4,461.5,6309.8,13580.1,14400,#N/A
859,860,New Jersey Resources,2592,169.5,4373,3246.5,1108,#N/A
860,861,New Residential Investment,2585.6,563.3,44863.5,2081.9,3387,#N/A
861,862,Interactive Brokers Group,2580,161,71676,3313.4,1643,#N/A
862,863,Zayo Group Holdings,2578,150,9334.6,-,3781,http://www.yum.com
863,864,Herman Miller,2567.2,160.5,1569.3,1311.2,8000,#N/A
864,865,Grocery Outlet Holding,2559.6,15.4,2185.5,3087.2,765,#N/A
865,866,J.Crew Group,2540.1,-78.8,1599.3,-,9400,#N/A
866,867,Century Communities,2535.9,113,2500,483.4,1460,#N/A
867,868,Eldorado Resorts,2528.2,81,5640.6,1120.3,15500,#N/A
868,869,Catalent,2518,137.4,6184,8045.1,12300,#N/A
869,870,Itron,2502.5,49,2707.8,2242.2,7300,#N/A
870,871,M/I Homes,2500.3,127.6,2105.6,472.4,1401,#N/A
871,872,Cboe Global Markets,2496.1,374.9,5113.9,9856.3,823,#N/A
872,873,IDEX,2494.6,425.5,3813.9,10529.4,7439,#N/A
873,874,Belden,2491.8,-377,3406.8,1640.2,7000,#N/A
874,875,Curtiss-Wright,2488,307.6,3764.3,3929.4,9100,#N/A
875,876,Cheesecake Factory,2482.7,127.3,2840.6,767.9,46250,#N/A
876,877,Genesis Energy,2480.8,96,6597.6,480.5,2177,#N/A
877,878,GEO Group,2477.9,166.6,4317.5,1474.3,22000,#N/A
878,879,Patterson-UTI Energy,2470.7,-425.7,4439.6,451.6,5800,#N/A
879,880,Werner Enterprises,2463.7,166.9,2143.9,2514.7,12736,http://www.werner.com
880,881,Ingersoll Rand,2451.9,159.1,4628.4,10306.3,6600,#N/A
881,882,Verso,2444,96,1721,396.9,3700,http://www.verizon.com
882,883,Mueller Industries,2430.6,101,1370.9,1364.5,4964,#N/A
883,884,Nu Skin Enterprises,2420.4,173.6,1769,1213.7,24900,#N/A
884,885,Revlon,2419.6,-157.7,2980.6,580.1,7100,#N/A
885,886,Arista Networks,2410.7,859.9,4185.3,15490.9,2300,#N/A
886,887,IDEXX Laboratories,2406.9,427.7,1832.5,20644.9,9200,#N/A
887,888,Align Technology,2406.8,442.8,2500.7,13699.1,14530,#N/A
888,889,Waters,2406.6,592.2,2557.1,11315.9,7467,http://www.wm.com
889,890,Synovus Financial,2406.5,563.8,48203.3,2585.8,5389,#N/A
890,891,BrightView Holdings,2404.6,44.4,2928.6,1159.6,21978,#N/A
891,892,REV Group,2403.7,-12.3,1347.1,263.8,8040,#N/A
892,893,Brown & Brown,2392.2,398.5,7622.8,10269.3,10083,#N/A
893,894,Valvoline,2390,208,2064,2466.8,7900,http://www.valsparglobal.com
894,895,Knights of Columbus,2387.8,148.3,26860.6,-,772,#N/A
895,896,Central Garden & Pet,2383,92.8,2025,1441.2,5550,#N/A
896,897,Carpenter Technology,2380.2,167,3187.8,932.1,5100,#N/A
897,898,SLM,2380,578.3,32686.5,3038.6,1900,#N/A
898,899,Kennametal,2375.2,241.9,2656.3,1543.6,10395,#N/A
899,900,LCI Industries,2371.5,146.5,1862.6,1673.9,10500,#N/A
900,901,TrueBlue,2368.8,63.1,1136.2,492.9,6200,#N/A
901,902,Cimarex Energy,2363,-124.6,7140,1718.9,987,#N/A
902,903,Splunk,2358.9,-336.7,5439.5,20022.6,5800,#N/A
903,904,SiteOne Landscape Supply,2357.5,77.7,1443.3,3076.5,4416,#N/A
904,905,Hexcel,2355.7,306.6,3128.6,3099.6,6977,#N/A
905,906,FTI Consulting,2352.7,216.7,2783.1,4490.6,5567,#N/A
906,907,Party City Holdco,2348.8,-532.5,3595.3,43.3,14350,#N/A
907,908,Ohio National Mutual,2340.5,-67.6,40366.8,-,1109,#N/A
908,909,Patrick Industries,2337.1,89.6,1471,672.5,7500,#N/A
909,910,Cadence Design Systems,2336.3,989,3357.2,18546.2,8078,#N/A
910,911,CDK Global,2332.9,124,2999,3991,9000,#N/A
911,912,AvalonBay Communities,2324.6,786,19121.1,20711.9,3122,#N/A
912,913,Wabash National,2319.1,89.6,1304.6,381.6,6900,http://www.grainger.com
913,914,Service Properties Trust,2316.1,259.8,9034,888.6,600,#N/A
914,915,Maxim Integrated Products,2314.3,827.5,3744,13095.3,7131,#N/A
915,916,People's United Financial,2312.2,520.4,58589.8,4792.8,6305,#N/A
916,917,Bio-Rad Laboratories,2311.7,1758.7,8008.9,10490.6,8120,#N/A
917,918,Option Care Health,2310.4,-75.9,2589.5,1673.4,5492,#N/A
918,919,Louisiana-Pacific,2310,-5,1835,1924.5,4800,#N/A
919,920,TEGNA,2299.5,286.2,6954,2371.3,6883,#N/A
920,921,Teradyne,2295,467.5,2787,9025.5,5400,#N/A
921,922,Arch Resources,2294.4,233.8,1867.8,437.6,3700,#N/A
922,923,EPAM Systems,2293.8,261.1,2244.2,10259.4,36739,#N/A
923,924,WPX Energy,2292,256,8413,1706.1,590,http://www.wpxenergy.com
924,925,Contura Energy,2290.5,-316.3,2302.8,42.9,4360,#N/A
925,926,Ensign Group,2285.6,110.5,2361.9,2013.3,24500,#N/A
926,927,First Horizon National,2278.4,440.9,43310.9,2513,4994,#N/A
927,928,Wolverine World Wide,2273.7,128.5,2480,1232.3,4000,http://www.wolverineworldwide.com
928,929,Vail Resorts,2271.6,301.2,4426.1,5947.7,23000,#N/A
929,930,Benchmark Electronics,2268.1,23.4,1759.9,727.9,10600,#N/A
930,931,HNI,2246.9,110.5,1452.5,1075.8,8450,#N/A
931,932,F5 Networks,2242.4,427.7,3390.3,6483.5,5325,#N/A
932,933,Affiliated Managers Group,2239.6,15.7,7653.5,2830.9,4000,#N/A
933,934,OGE Energy,2231.6,433.6,11024.3,6151.5,2425,#N/A
934,935,Universal,2227.2,104.1,2133.2,1090.7,28000,#N/A
935,936,BOK Financial,2226.3,500.8,42172,2996.1,5107,#N/A
936,937,ManTech International,2222.6,113.9,2107.9,2920.1,8900,#N/A
937,938,Summit Materials,2222.1,59.1,4067.6,1699.7,6000,#N/A
938,939,AMN Healthcare Services,2222.1,114,1931.6,2708.7,3236,#N/A
939,940,Groupon,2218.9,-22.4,1586.7,555.7,6345,#N/A
940,941,Newmark Group,2218.1,117.3,3201.6,754,5600,#N/A
941,942,Fossil Group,2217.7,-52.4,1604.7,166.4,10200,#N/A
942,943,Modine Manufacturing,2212.7,84.8,1538,165.1,12200,#N/A
943,944,Griffon,2209.3,37.3,2074.9,593.4,7300,#N/A
944,945,Cypress Semiconductor,2205.3,40.4,3556.1,8713.4,5871,#N/A
945,946,Generac Holdings,2204.3,252,2665.7,5829.4,5551,#N/A
946,947,Matson,2203.1,82.7,2845.4,1317.9,1988,#N/A
947,948,Genesco,2197.1,61.4,1680.5,196.1,13850,#N/A
948,949,Nordson,2194.2,337.1,3516.4,7814.9,7579,#N/A
949,950,NewMarket,2190.3,254.3,1885.1,4284.1,2118,#N/A
950,951,Echo Global Logistics,2185,14.8,826.7,457.9,2539,#N/A
951,952,Rexnord,2175.2,34.3,3259.7,2761.4,6700,#N/A
952,953,Incyte,2158.8,446.9,3426.8,15874.5,1456,#N/A
953,954,Fortinet,2156.2,326.5,3885.5,17453.3,7082,#N/A
954,955,Foundation Building Materials,2154.5,40.2,1411.8,444.5,3500,#N/A
955,956,AAR,2147.6,7.5,1517.2,623.4,5650,#N/A
956,957,Centric Brands,2146.5,-273.5,2154.7,66.1,3250,#N/A
957,958,Edgewell Personal Care,2141,-372.2,3420.9,1307.6,6000,#N/A
958,959,Federated Mutual Insurance,2134.5,229.6,8825.2,-,2638,#N/A
959,960,Schnitzer Steel Industries,2132.8,56.3,1160.7,353.9,3363,#N/A
960,961,Portland General Electric,2123,214,8394,4288.9,2949,#N/A
961,962,Gray Television,2122,179,6972,1071.6,7465,#N/A
962,963,BGC Partners,2104.2,55.7,3916.1,894.3,5200,#N/A
963,964,EchoStar,2098.3,-62.9,7154.3,3126.8,2300,#N/A
964,965,Beazer Homes USA,2087.8,-79.5,1957.6,202.1,1205,#N/A
965,966,LHC Group,2080.2,95.7,2140.3,4419.9,22785,#N/A
966,967,ServiceMaster Global Holdings,2077,128,5322,3657,12000,#N/A
967,968,Bruker,2072.6,197.2,2771.5,5529.7,7230,#N/A
968,969,Oasis Petroleum,2071.7,-128.2,7499.3,113.3,609,#N/A
969,970,CrossAmerica Partners,2071.4,18.1,905.3,298.4,548,#N/A
970,971,MYR Group,2071.2,37.7,1007.9,436.2,7100,#N/A
971,972,Viasat,2068.3,-67.6,3915.3,2231.7,5600,#N/A
972,973,GNC Holdings,2068.2,-35.1,1650.6,39.6,8400,#N/A
973,974,Cabot Oil & Gas,2066.3,681.1,4487.2,6851.5,547,#N/A
974,975,Bright Horizons Family Solutions,2062,180.4,3330.4,5936.4,33800,#N/A
975,976,Vista Outdoor,2058.5,-648.4,1738,509.3,5200,#N/A
976,977,HEICO,2055.6,327.9,2969.2,9184.7,5900,#N/A
977,978,Wyndham Hotels & Resorts,2053,157,4533,2933.8,14200,http://www.wpxenergy.com
978,979,TCF Financial,2052.8,295.5,46651.6,3451.2,7732,#N/A
979,980,Primerica,2052.5,366.4,13688.5,3637.2,2502,#N/A
980,981,ProPetro Holding,2052.3,163,1436.1,251.5,1579,#N/A
981,982,Oceaneering International,2048.1,-348.4,2740.7,291.8,9100,#N/A
982,983,Floor & Decor Holdings,2045.5,150.6,2324.3,3282.4,6336,#N/A
983,984,Copart,2042,591.7,2547.6,16013.5,7327,#N/A
984,985,Chico's FAS,2037.9,-12.8,1542.7,155.2,10944,#N/A
985,986,Barnes & Noble Education,2034.6,-24.4,946.2,65.7,12400,#N/A
986,987,Maxar Technologies,2033,109,5157,642.3,5800,#N/A
987,988,Evercore,2028.8,297.4,2598.6,1871.9,1900,#N/A
988,989,Deckers Outdoor,2020.4,264.3,1427.2,3750.3,3500,#N/A
989,990,Express,2019.2,-164.4,1790.7,95.2,9160,#N/A
990,991,Hovnanian Enterprises,2016.9,-42.1,1881.4,50.5,1868,#N/A
991,992,Air Lease,2016.9,587.1,21709.2,2515.9,117,#N/A
992,993,Rollins,2015.5,203.3,1744.4,11845.9,14952,#N/A
993,994,SBA Communications,2014.6,147,9759.9,30217.6,1475,#N/A
994,995,Deluxe,2008.7,-199.9,1943.3,1093.9,6352,#N/A
995,996,Mr. Cooper Group,2007,274,18305,674.1,9100,#N/A
996,997,Herc Holdings,1999,47.5,3817,590.5,5100,#N/A
997,998,Healthpeak Properties,1997.4,45.5,14032.9,12059.3,204,#N/A
998,999,SPX FLOW,1996.3,-95.1,2437.4,1211.8,5000,#N/A
999,"1,000",Liberty Oilfield Services,1990.3,39,1283.4,302.8,2571,#N/A